nsf_proposal_links_v0,lead_researcher,team,goodness_score
https://www.nsf.gov/pubs/2026/nsf26000/nsf26000.htm,Cory Dodson,"['Cory Dodson', 'Lori Dunn', 'Stacy Miller', 'Stephanie Haynes', 'Michelle Wells']",0.375
https://www.nsf.gov/pubs/2026/nsf26001/nsf26001.htm,Carlos Barton,"['Carlos Barton', 'Jamie Anderson', 'Cindy Williams']",0.3875
https://www.nsf.gov/pubs/2026/nsf26002/nsf26002.htm,Joan Benitez,"['Joan Benitez', 'Stephen Mullins', 'Karen Jones']",0.41875
https://www.nsf.gov/pubs/2026/nsf26003/nsf26003.htm,John Anderson,"['John Anderson', 'Heather Hansen']",0.175
https://www.nsf.gov/pubs/2026/nsf26004/nsf26004.htm,Matthew Newton,"['Matthew Newton', 'Isabel Davis']",0.45625
https://www.nsf.gov/pubs/2026/nsf26005/nsf26005.htm,Joshua Little,"['Joshua Little', 'Lori Dunn', 'Cindy Williams', 'Jamie Anderson', 'Joseph Bell']",0.5833333333333333
https://www.nsf.gov/pubs/2026/nsf26006/nsf26006.htm,Allison Andrews,"['Allison Andrews', 'Lori Dunn', 'Cindy Williams', 'Jason Arnold', 'Stephanie Haynes']",0.21875
https://www.nsf.gov/pubs/2026/nsf26007/nsf26007.htm,Cody Mccall,"['Cody Mccall', 'Cindy Williams', 'Jason Arnold', 'Katherine Young']",0.1
https://www.nsf.gov/pubs/2026/nsf26008/nsf26008.htm,Zachary Mckinney,"['Zachary Mckinney', 'Isabel Davis', 'Karen Jones']",0.3875
https://www.nsf.gov/pubs/2026/nsf26009/nsf26009.htm,Crystal Huerta,"['Crystal Huerta', 'Isabel Davis', 'Joseph Bell', 'Jamie Anderson', 'Anthony Mccarthy']",0.515625
https://www.nsf.gov/pubs/2026/nsf26010/nsf26010.htm,Chad Hunt,"['Chad Hunt', 'Stacy Miller', 'Stephanie Haynes', 'Cindy Williams']",0.5375
https://www.nsf.gov/pubs/2026/nsf26011/nsf26011.htm,Eric Garcia,"['Eric Garcia', 'Amy Thornton', 'Jason Arnold']",0.4083333333333333
https://www.nsf.gov/pubs/2026/nsf26012/nsf26012.htm,Michael Sanders,"['Michael Sanders', 'Karen Jones']",0.15714285714285714
https://www.nsf.gov/pubs/2026/nsf26013/nsf26013.htm,Alexandra Cooley,"['Alexandra Cooley', 'Amy Thornton', 'Michelle Wells', 'Jason Arnold']",0.3678571428571429
https://www.nsf.gov/pubs/2026/nsf26014/nsf26014.htm,William Wilcox,"['William Wilcox', 'Cindy Williams', 'Stephanie Haynes']",0.41875
https://www.nsf.gov/pubs/2026/nsf26015/nsf26015.htm,Jason Sheppard,"['Jason Sheppard', 'Heather Hansen', 'Anthony Mccarthy']",0.5214285714285714
https://www.nsf.gov/pubs/2026/nsf26016/nsf26016.htm,Rick Sharp,"['Rick Sharp', 'Karen Jones', 'Trevor Erickson', 'Jamie Anderson']",0.6
https://www.nsf.gov/pubs/2026/nsf26017/nsf26017.htm,Jill Bowman,"['Jill Bowman', 'Anna Moore']",0.19583333333333333
https://www.nsf.gov/pubs/2026/nsf26018/nsf26018.htm,Andrea Lawrence,"['Andrea Lawrence', 'Isabel Davis']",0.2375
https://www.nsf.gov/pubs/2026/nsf26019/nsf26019.htm,Travis Montoya,"['Travis Montoya', 'Michelle Wells', 'Jamie Anderson', 'Stephen Mullins']",0.5375
https://www.nsf.gov/pubs/2026/nsf26020/nsf26020.htm,Audrey Fields,"['Audrey Fields', 'Anthony Mccarthy', 'Timothy Webster']",0.2
https://www.nsf.gov/pubs/2026/nsf26021/nsf26021.htm,Michele Jackson,"['Michele Jackson', 'Scott Campbell']",0.3
https://www.nsf.gov/pubs/2026/nsf26022/nsf26022.htm,Donald Romero,"['Donald Romero', 'Stacy Miller', 'Julie Garcia', 'Jason Arnold', 'Lori Dunn']",0.5625
https://www.nsf.gov/pubs/2026/nsf26023/nsf26023.htm,Christy Lewis,"['Christy Lewis', 'Jamie Anderson', 'Karen Jones', 'Scott Campbell']",0.475
https://www.nsf.gov/pubs/2026/nsf26024/nsf26024.htm,Cory Ward DVM,"['Cory Ward DVM', 'Jason Arnold', 'Stephen Mullins', 'Stacy Miller']",0.575
https://www.nsf.gov/pubs/2026/nsf26025/nsf26025.htm,John Reid,"['John Reid', 'Jason Arnold', 'Katherine Young', 'Amy Thornton', 'Timothy Webster']",0.5416666666666666
https://www.nsf.gov/pubs/2026/nsf26026/nsf26026.htm,Kelsey Moore,"['Kelsey Moore', 'Scott Campbell', 'Trevor Erickson', 'Joseph Bell']",0.39999999999999997
https://www.nsf.gov/pubs/2026/nsf26027/nsf26027.htm,Shawn Taylor,"['Shawn Taylor', 'Timothy Webster', 'Katherine Young']",0.5
https://www.nsf.gov/pubs/2026/nsf26028/nsf26028.htm,Isabel Davis,"['Isabel Davis', 'Stephen Mullins', 'Stacy Miller', 'Heather Hansen']",0.225
https://www.nsf.gov/pubs/2026/nsf26029/nsf26029.htm,David Carr,"['David Carr', 'Julie Garcia', 'Stephen Mullins']",0.3875
https://www.nsf.gov/pubs/2026/nsf26030/nsf26030.htm,Charles Patel,"['Charles Patel', 'Scott Campbell', 'Anthony Mccarthy', 'Michelle Wells', 'Amy Thornton']",0.625
https://www.nsf.gov/pubs/2026/nsf26031/nsf26031.htm,Nicole Valdez,"['Nicole Valdez', 'Scott Campbell', 'Stephen Mullins']",0.5214285714285714
https://www.nsf.gov/pubs/2026/nsf26032/nsf26032.htm,Robert Stephenson,"['Robert Stephenson', 'Stephanie Haynes']",0.2
https://www.nsf.gov/pubs/2026/nsf26033/nsf26033.htm,Anna Robbins,"['Anna Robbins', 'Amy Thornton', 'Heather Hansen']",0.325
https://www.nsf.gov/pubs/2026/nsf26034/nsf26034.htm,Cindy Brown,"['Cindy Brown', 'Stephanie Haynes', 'Jamie Anderson']",0.37857142857142856
https://www.nsf.gov/pubs/2026/nsf26035/nsf26035.htm,Mary Gray,"['Mary Gray', 'Anna Moore', 'Julie Garcia', 'Jamie Anderson', 'Lori Dunn']",0.6
https://www.nsf.gov/pubs/2026/nsf26036/nsf26036.htm,Cindy Williams,"['Cindy Williams', 'Katherine Young', 'Anna Moore']",0.42500000000000004
https://www.nsf.gov/pubs/2026/nsf26037/nsf26037.htm,Denise Hudson,"['Denise Hudson', 'Karen Jones']",0.4875
https://www.nsf.gov/pubs/2026/nsf26038/nsf26038.htm,Amanda Valenzuela,"['Amanda Valenzuela', 'Katherine Young', 'Michelle Wells', 'Scott Campbell']",0.475
https://www.nsf.gov/pubs/2026/nsf26039/nsf26039.htm,Crystal Austin,"['Crystal Austin', 'Timothy Webster', 'Karen Jones']",0.48125
https://www.nsf.gov/pubs/2026/nsf26040/nsf26040.htm,Jeffrey Mcdonald,"['Jeffrey Mcdonald', 'Amy Thornton']",0.35000000000000003
https://www.nsf.gov/pubs/2026/nsf26041/nsf26041.htm,Nicholas Burgess Jr.,"['Nicholas Burgess Jr.', 'Scott Campbell', 'Timothy Webster', 'Katherine Young', 'Isabel Davis']",0.375
https://www.nsf.gov/pubs/2026/nsf26042/nsf26042.htm,Diane Stone,"['Diane Stone', 'Lori Dunn', 'Katherine Young', 'Amy Thornton', 'Heather Hansen']",0.525
https://www.nsf.gov/pubs/2026/nsf26043/nsf26043.htm,Tom Rivera,"['Tom Rivera', 'Julie Garcia', 'Trevor Erickson', 'Anthony Mccarthy', 'Stephanie Haynes']",0.5
https://www.nsf.gov/pubs/2026/nsf26044/nsf26044.htm,Patricia Mcintosh,"['Patricia Mcintosh', 'Scott Campbell', 'Timothy Webster', 'Michelle Wells', 'Anthony Mccarthy']",0.375
https://www.nsf.gov/pubs/2026/nsf26045/nsf26045.htm,Richard Donaldson,"['Richard Donaldson', 'Lori Dunn']",0.2642857142857143
https://www.nsf.gov/pubs/2026/nsf26046/nsf26046.htm,Daniel Hayes,"['Daniel Hayes', 'Lori Dunn', 'Trevor Erickson', 'Joseph Bell']",0.35
https://www.nsf.gov/pubs/2026/nsf26047/nsf26047.htm,Kelly Douglas,"['Kelly Douglas', 'Jamie Anderson', 'Katherine Young', 'Michelle Wells', 'Anthony Mccarthy']",0.3125
https://www.nsf.gov/pubs/2026/nsf26048/nsf26048.htm,Natasha Harris,"['Natasha Harris', 'Jamie Anderson', 'Trevor Erickson']",0.36071428571428565
https://www.nsf.gov/pubs/2026/nsf26049/nsf26049.htm,Debra Shaffer,"['Debra Shaffer', 'Katherine Young', 'Scott Campbell', 'Amy Thornton', 'Karen Jones']",0.5833333333333333
https://www.nsf.gov/pubs/2026/nsf26050/nsf26050.htm,Lori Bartlett,"['Lori Bartlett', 'Anna Moore', 'Karen Jones']",0.4
https://www.nsf.gov/pubs/2026/nsf26051/nsf26051.htm,James Rasmussen,"['James Rasmussen', 'Julie Garcia', 'Stacy Miller', 'Stephen Mullins', 'Scott Campbell']",0.5833333333333333
https://www.nsf.gov/pubs/2026/nsf26052/nsf26052.htm,Anthony Patterson,"['Anthony Patterson', 'Stacy Miller', 'Julie Garcia']",0.525
https://www.nsf.gov/pubs/2026/nsf26053/nsf26053.htm,Tony Powell,"['Tony Powell', 'Stacy Miller', 'Stephen Mullins']",0.48571428571428565
https://www.nsf.gov/pubs/2026/nsf26054/nsf26054.htm,Matthew Hodges,"['Matthew Hodges', 'Jamie Anderson', 'Trevor Erickson']",0.325
https://www.nsf.gov/pubs/2026/nsf26055/nsf26055.htm,James Ramos,"['James Ramos', 'Michelle Wells', 'Timothy Webster', 'Cindy Williams', 'Stacy Miller']",0.4375
https://www.nsf.gov/pubs/2026/nsf26056/nsf26056.htm,Chloe Johnson,"['Chloe Johnson', 'Lori Dunn', 'Katherine Young', 'Trevor Erickson', 'Stacy Miller']",0.5416666666666666
https://www.nsf.gov/pubs/2026/nsf26057/nsf26057.htm,Catherine Brooks,"['Catherine Brooks', 'Timothy Webster']",0.37142857142857144
https://www.nsf.gov/pubs/2026/nsf26058/nsf26058.htm,Michael Richardson,"['Michael Richardson', 'Anna Moore', 'Isabel Davis', 'Julie Garcia']",0.47500000000000003
https://www.nsf.gov/pubs/2026/nsf26059/nsf26059.htm,Angela Morrison,"['Angela Morrison', 'Katherine Young', 'Scott Campbell']",0.325
https://www.nsf.gov/pubs/2026/nsf26060/nsf26060.htm,Brittany Strickland,"['Brittany Strickland', 'Timothy Webster', 'Joseph Bell']",0.4678571428571428
https://www.nsf.gov/pubs/2026/nsf26061/nsf26061.htm,Calvin Lawrence,"['Calvin Lawrence', 'Timothy Webster', 'Isabel Davis', 'Julie Garcia', 'Karen Jones']",0.421875
https://www.nsf.gov/pubs/2026/nsf26062/nsf26062.htm,Lauren Johnson,"['Lauren Johnson', 'Scott Campbell', 'Julie Garcia', 'Anthony Mccarthy', 'Amy Thornton']",0.625
https://www.nsf.gov/pubs/2026/nsf26063/nsf26063.htm,Denise King,"['Denise King', 'Stacy Miller', 'Timothy Webster']",0.3666666666666667
https://www.nsf.gov/pubs/2026/nsf26064/nsf26064.htm,Nicole Valdez,"['Nicole Valdez', 'Lori Dunn', 'Katherine Young', 'Stephanie Haynes', 'Anthony Mccarthy']",0.4375
https://www.nsf.gov/pubs/2026/nsf26065/nsf26065.htm,Jeffrey Mcdonald,"['Jeffrey Mcdonald', 'Karen Jones']",0.14375
https://www.nsf.gov/pubs/2026/nsf26066/nsf26066.htm,James Mason,"['James Mason', 'Anthony Mccarthy']",0.190625
https://www.nsf.gov/pubs/2026/nsf26067/nsf26067.htm,Jennifer Wilson,"['Jennifer Wilson', 'Amy Thornton', 'Joseph Bell']",0.3875
https://www.nsf.gov/pubs/2026/nsf26068/nsf26068.htm,Raymond Espinoza,"['Raymond Espinoza', 'Stacy Miller']",0.284375
https://www.nsf.gov/pubs/2026/nsf26069/nsf26069.htm,Kathryn Morrison,"['Kathryn Morrison', 'Cindy Williams', 'Lori Dunn']",0.3458333333333333
https://www.nsf.gov/pubs/2026/nsf26070/nsf26070.htm,Joseph Cisneros,"['Joseph Cisneros', 'Anna Moore']",0.175
https://www.nsf.gov/pubs/2026/nsf26071/nsf26071.htm,Jerry Mayo,"['Jerry Mayo', 'Cindy Williams']",0.20625
https://www.nsf.gov/pubs/2026/nsf26072/nsf26072.htm,Amanda Smith,"['Amanda Smith', 'Joseph Bell', 'Jason Arnold', 'Anna Moore']",0.39166666666666666
https://www.nsf.gov/pubs/2026/nsf26073/nsf26073.htm,Richard Stephenson,"['Richard Stephenson', 'Cindy Williams', 'Amy Thornton']",0.3458333333333333
https://www.nsf.gov/pubs/2026/nsf26074/nsf26074.htm,Joshua Jenkins,"['Joshua Jenkins', 'Anna Moore', 'Stacy Miller']",0.3458333333333333
https://www.nsf.gov/pubs/2026/nsf26075/nsf26075.htm,Jason Perry,"['Jason Perry', 'Karen Jones', 'Scott Campbell', 'Stephanie Haynes', 'Katherine Young']",0.125
https://www.nsf.gov/pubs/2026/nsf26076/nsf26076.htm,Jerry Hanson,"['Jerry Hanson', 'Lori Dunn', 'Timothy Webster']",0.45
https://www.nsf.gov/pubs/2026/nsf26077/nsf26077.htm,Christina Thomas,"['Christina Thomas', 'Katherine Young', 'Heather Hansen', 'Michelle Wells', 'Stacy Miller']",0.375
https://www.nsf.gov/pubs/2026/nsf26078/nsf26078.htm,Joseph Cisneros,"['Joseph Cisneros', 'Timothy Webster']",0.4
https://www.nsf.gov/pubs/2026/nsf26079/nsf26079.htm,Laura Thomas,"['Laura Thomas', 'Jamie Anderson']",0.22857142857142856
https://www.nsf.gov/pubs/2026/nsf26080/nsf26080.htm,David Burgess,"['David Burgess', 'Michelle Wells', 'Joseph Bell']",0.29375
https://www.nsf.gov/pubs/2026/nsf26081/nsf26081.htm,Shannon Adams,"['Shannon Adams', 'Cindy Williams', 'Stephen Mullins', 'Anthony Mccarthy', 'Isabel Davis']",0.5
https://www.nsf.gov/pubs/2026/nsf26082/nsf26082.htm,Andrew Martin,"['Andrew Martin', 'Scott Campbell']",0.35
https://www.nsf.gov/pubs/2026/nsf26083/nsf26083.htm,Michelle Baker,"['Michelle Baker', 'Katherine Young', 'Michelle Wells', 'Timothy Webster']",0.45000000000000007
https://www.nsf.gov/pubs/2026/nsf26084/nsf26084.htm,Johnathan Gamble,"['Johnathan Gamble', 'Stephen Mullins', 'Karen Jones', 'Scott Campbell']",0.5375
https://www.nsf.gov/pubs/2026/nsf26085/nsf26085.htm,Amanda Young,"['Amanda Young', 'Karen Jones', 'Scott Campbell']",0.4708333333333333
https://www.nsf.gov/pubs/2026/nsf26086/nsf26086.htm,Amy Cochran,"['Amy Cochran', 'Scott Campbell', 'Cindy Williams', 'Stephen Mullins']",0.32916666666666666
https://www.nsf.gov/pubs/2026/nsf26087/nsf26087.htm,Justin Ramos,"['Justin Ramos', 'Heather Hansen', 'Trevor Erickson', 'Julie Garcia']",0.428125
https://www.nsf.gov/pubs/2026/nsf26088/nsf26088.htm,Dean Rivera,"['Dean Rivera', 'Stacy Miller']",0.35357142857142854
https://www.nsf.gov/pubs/2026/nsf26089/nsf26089.htm,Amanda Young,"['Amanda Young', 'Karen Jones', 'Amy Thornton', 'Julie Garcia', 'Timothy Webster']",0.29166666666666663
https://www.nsf.gov/pubs/2026/nsf26090/nsf26090.htm,Ashley Ellis,"['Ashley Ellis', 'Stephanie Haynes', 'Stacy Miller', 'Isabel Davis', 'Anna Moore']",0.25
https://www.nsf.gov/pubs/2026/nsf26091/nsf26091.htm,Danielle Rodriguez PhD,"['Danielle Rodriguez PhD', 'Timothy Webster']",0.3
https://www.nsf.gov/pubs/2026/nsf26092/nsf26092.htm,Stephen Jackson,"['Stephen Jackson', 'Isabel Davis', 'Amy Thornton', 'Karen Jones']",0.396875
https://www.nsf.gov/pubs/2026/nsf26093/nsf26093.htm,Melissa West,"['Melissa West', 'Jamie Anderson', 'Katherine Young', 'Isabel Davis', 'Stephanie Haynes']",0.39999999999999997
https://www.nsf.gov/pubs/2026/nsf26094/nsf26094.htm,Joseph Cisneros,"['Joseph Cisneros', 'Anna Moore']",0.05
https://www.nsf.gov/pubs/2026/nsf26095/nsf26095.htm,Diamond Barnes,"['Diamond Barnes', 'Lori Dunn']",0.3625
https://www.nsf.gov/pubs/2026/nsf26096/nsf26096.htm,Patrick Rivera,"['Patrick Rivera', 'Cindy Williams']",0.40714285714285714
https://www.nsf.gov/pubs/2026/nsf26097/nsf26097.htm,Jason Schroeder,"['Jason Schroeder', 'Jamie Anderson']",0.175
https://www.nsf.gov/pubs/2026/nsf26098/nsf26098.htm,Alex Cunningham,"['Alex Cunningham', 'Stephen Mullins', 'Katherine Young', 'Stacy Miller', 'Isabel Davis']",0.59375
https://www.nsf.gov/pubs/2026/nsf26099/nsf26099.htm,Victoria Roach,"['Victoria Roach', 'Amy Thornton', 'Trevor Erickson', 'Karen Jones']",0.4035714285714286
https://www.nsf.gov/pubs/2026/nsf26100/nsf26100.htm,Julie Larson,"['Julie Larson', 'Amy Thornton', 'Stephen Mullins', 'Katherine Young']",0.35
https://www.nsf.gov/pubs/2026/nsf26101/nsf26101.htm,Courtney Williams,"['Courtney Williams', 'Anthony Mccarthy', 'Stephanie Haynes', 'Anna Moore', 'Timothy Webster']",0.375
https://www.nsf.gov/pubs/2026/nsf26102/nsf26102.htm,Brian Robinson,"['Brian Robinson', 'Trevor Erickson', 'Michelle Wells', 'Cindy Williams', 'Joseph Bell']",0.53125
https://www.nsf.gov/pubs/2026/nsf26103/nsf26103.htm,Ernest Santiago,"['Ernest Santiago', 'Anna Moore']",0.26875
https://www.nsf.gov/pubs/2026/nsf26104/nsf26104.htm,Larry Mendoza,"['Larry Mendoza', 'Katherine Young', 'Anna Moore']",0.325
https://www.nsf.gov/pubs/2026/nsf26105/nsf26105.htm,Brittany Bridges,"['Brittany Bridges', 'Stephen Mullins']",0.26875
https://www.nsf.gov/pubs/2026/nsf26106/nsf26106.htm,Mark Jordan,"['Mark Jordan', 'Karen Jones', 'Stephen Mullins']",0.325
https://www.nsf.gov/pubs/2026/nsf26107/nsf26107.htm,Raymond Johnson,"['Raymond Johnson', 'Stacy Miller', 'Jason Arnold']",0.325
https://www.nsf.gov/pubs/2026/nsf26108/nsf26108.htm,Hannah Walters,"['Hannah Walters', 'Stephanie Haynes', 'Amy Thornton', 'Cindy Williams']",0.275
https://www.nsf.gov/pubs/2026/nsf26109/nsf26109.htm,Kelly Flores,"['Kelly Flores', 'Jason Arnold']",0.27499999999999997
https://www.nsf.gov/pubs/2026/nsf26110/nsf26110.htm,Mitchell Lambert,"['Mitchell Lambert', 'Timothy Webster', 'Stephen Mullins', 'Scott Campbell', 'Isabel Davis']",0.575
https://www.nsf.gov/pubs/2026/nsf26111/nsf26111.htm,James Barker,"['James Barker', 'Joseph Bell', 'Katherine Young', 'Isabel Davis']",0.43333333333333335
https://www.nsf.gov/pubs/2026/nsf26112/nsf26112.htm,Ann Farley,"['Ann Farley', 'Karen Jones', 'Katherine Young']",0.4291666666666667
https://www.nsf.gov/pubs/2026/nsf26113/nsf26113.htm,Diane Kline,"['Diane Kline', 'Julie Garcia', 'Heather Hansen']",0.4083333333333333
https://www.nsf.gov/pubs/2026/nsf26114/nsf26114.htm,Hannah Walters,"['Hannah Walters', 'Jamie Anderson']",0.33125
https://www.nsf.gov/pubs/2026/nsf26115/nsf26115.htm,Adam Rose,"['Adam Rose', 'Cindy Williams', 'Isabel Davis', 'Scott Campbell']",0.2875
https://www.nsf.gov/pubs/2026/nsf26116/nsf26116.htm,Roberto Davis,"['Roberto Davis', 'Anna Moore']",0.3
https://www.nsf.gov/pubs/2026/nsf26117/nsf26117.htm,Andrew Roth,"['Andrew Roth', 'Anna Moore', 'Lori Dunn', 'Julie Garcia', 'Karen Jones']",0.125
https://www.nsf.gov/pubs/2026/nsf26118/nsf26118.htm,Colin Bartlett,"['Colin Bartlett', 'Cindy Williams', 'Lori Dunn', 'Amy Thornton', 'Anthony Mccarthy']",0.625
https://www.nsf.gov/pubs/2026/nsf26119/nsf26119.htm,Tara Thompson,"['Tara Thompson', 'Julie Garcia', 'Stephanie Haynes']",0.325
https://www.nsf.gov/pubs/2026/nsf26120/nsf26120.htm,Zachary Aguilar,"['Zachary Aguilar', 'Amy Thornton']",0.3416666666666667
https://www.nsf.gov/pubs/2026/nsf26121/nsf26121.htm,Crystal Goodman,"['Crystal Goodman', 'Stephen Mullins', 'Julie Garcia', 'Heather Hansen', 'Cindy Williams']",0.5
https://www.nsf.gov/pubs/2026/nsf26122/nsf26122.htm,Linda Leblanc,"['Linda Leblanc', 'Lori Dunn', 'Jamie Anderson', 'Stephanie Haynes', 'Anna Moore']",0.35416666666666663
https://www.nsf.gov/pubs/2026/nsf26123/nsf26123.htm,Austin Williamson,"['Austin Williamson', 'Jamie Anderson']",0.35000000000000003
https://www.nsf.gov/pubs/2026/nsf26124/nsf26124.htm,Joshua Jenkins,"['Joshua Jenkins', 'Stephanie Haynes']",0.05
https://www.nsf.gov/pubs/2026/nsf26125/nsf26125.htm,Jacqueline Lewis,"['Jacqueline Lewis', 'Jamie Anderson', 'Julie Garcia']",0.37857142857142856
https://www.nsf.gov/pubs/2026/nsf26126/nsf26126.htm,James Cook,"['James Cook', 'Heather Hansen']",0.3625
https://www.nsf.gov/pubs/2026/nsf26127/nsf26127.htm,Mr. Paul Logan DDS,"['Mr. Paul Logan DDS', 'Julie Garcia', 'Joseph Bell']",0.525
https://www.nsf.gov/pubs/2026/nsf26128/nsf26128.htm,Nicholas Farmer,"['Nicholas Farmer', 'Katherine Young', 'Stephanie Haynes']",0.45
https://www.nsf.gov/pubs/2026/nsf26129/nsf26129.htm,Jennifer Walker,"['Jennifer Walker', 'Joseph Bell']",0.5083333333333333
https://www.nsf.gov/pubs/2026/nsf26130/nsf26130.htm,James Sanchez,"['James Sanchez', 'Amy Thornton', 'Lori Dunn']",0.36071428571428565
https://www.nsf.gov/pubs/2026/nsf26131/nsf26131.htm,Virginia Lloyd,"['Virginia Lloyd', 'Jason Arnold', 'Amy Thornton', 'Anna Moore']",0.4125
https://www.nsf.gov/pubs/2026/nsf26132/nsf26132.htm,Andrew Salazar,"['Andrew Salazar', 'Scott Campbell', 'Anna Moore']",0.371875
https://www.nsf.gov/pubs/2026/nsf26133/nsf26133.htm,Misty Flynn,"['Misty Flynn', 'Stacy Miller', 'Heather Hansen', 'Timothy Webster']",0.26666666666666666
https://www.nsf.gov/pubs/2026/nsf26134/nsf26134.htm,Mark Roman,"['Mark Roman', 'Stephen Mullins', 'Anna Moore', 'Karen Jones', 'Amy Thornton']",0.5
https://www.nsf.gov/pubs/2026/nsf26135/nsf26135.htm,Michael Palmer,"['Michael Palmer', 'Joseph Bell', 'Scott Campbell']",0.4083333333333333
https://www.nsf.gov/pubs/2026/nsf26136/nsf26136.htm,Lisa Brown,"['Lisa Brown', 'Trevor Erickson']",0.4875
https://www.nsf.gov/pubs/2026/nsf26137/nsf26137.htm,Melissa Cole,"['Melissa Cole', 'Lori Dunn', 'Karen Jones', 'Julie Garcia', 'Stephanie Haynes']",0.375
https://www.nsf.gov/pubs/2026/nsf26138/nsf26138.htm,Dustin Porter,"['Dustin Porter', 'Trevor Erickson', 'Isabel Davis', 'Joseph Bell']",0.6
https://www.nsf.gov/pubs/2026/nsf26139/nsf26139.htm,John Shelton,"['John Shelton', 'Lori Dunn', 'Isabel Davis', 'Scott Campbell']",0.19375
https://www.nsf.gov/pubs/2026/nsf26140/nsf26140.htm,Kelly Ryan,"['Kelly Ryan', 'Heather Hansen']",0.27499999999999997
https://www.nsf.gov/pubs/2026/nsf26141/nsf26141.htm,Heidi Johnson,"['Heidi Johnson', 'Katherine Young', 'Karen Jones', 'Anna Moore', 'Scott Campbell']",0.35416666666666663
https://www.nsf.gov/pubs/2026/nsf26142/nsf26142.htm,Mark Holt,"['Mark Holt', 'Amy Thornton', 'Anthony Mccarthy', 'Isabel Davis']",0.3857142857142857
https://www.nsf.gov/pubs/2026/nsf26143/nsf26143.htm,Stephanie Todd,"['Stephanie Todd', 'Lori Dunn', 'Julie Garcia', 'Joseph Bell']",0.5
https://www.nsf.gov/pubs/2026/nsf26144/nsf26144.htm,Daniel Phillips,"['Daniel Phillips', 'Amy Thornton', 'Stephanie Haynes', 'Michelle Wells', 'Jason Arnold']",0.45000000000000007
https://www.nsf.gov/pubs/2026/nsf26145/nsf26145.htm,David Thomas,"['David Thomas', 'Amy Thornton', 'Anna Moore']",0.45
https://www.nsf.gov/pubs/2026/nsf26146/nsf26146.htm,Hannah Jacobs,"['Hannah Jacobs', 'Stephanie Haynes']",0.3416666666666667
https://www.nsf.gov/pubs/2026/nsf26147/nsf26147.htm,Susan Green,"['Susan Green', 'Michelle Wells']",0.2375
https://www.nsf.gov/pubs/2026/nsf26148/nsf26148.htm,Mrs. Brandi Reid,"['Mrs. Brandi Reid', 'Timothy Webster']",0.3416666666666667
https://www.nsf.gov/pubs/2026/nsf26149/nsf26149.htm,Sandra Villegas,"['Sandra Villegas', 'Michelle Wells', 'Julie Garcia']",0.375
https://www.nsf.gov/pubs/2026/nsf26150/nsf26150.htm,Anthony Sellers,"['Anthony Sellers', 'Amy Thornton', 'Stacy Miller', 'Stephanie Haynes', 'Joseph Bell']",0.625
https://www.nsf.gov/pubs/2026/nsf26151/nsf26151.htm,Bianca Hamilton,"['Bianca Hamilton', 'Stacy Miller']",0.4875
https://www.nsf.gov/pubs/2026/nsf26152/nsf26152.htm,Henry Rodriguez,"['Henry Rodriguez', 'Isabel Davis', 'Timothy Webster']",0.5125
https://www.nsf.gov/pubs/2026/nsf26153/nsf26153.htm,Yesenia Joseph,"['Yesenia Joseph', 'Stacy Miller']",0.32499999999999996
https://www.nsf.gov/pubs/2026/nsf26154/nsf26154.htm,Caitlin Kennedy,"['Caitlin Kennedy', 'Stephen Mullins']",0.2375
https://www.nsf.gov/pubs/2026/nsf26155/nsf26155.htm,Stacey Green,"['Stacey Green', 'Jamie Anderson', 'Lori Dunn', 'Timothy Webster']",0.2875
https://www.nsf.gov/pubs/2026/nsf26156/nsf26156.htm,Aaron Dickson,"['Aaron Dickson', 'Michelle Wells']",0.26875
https://www.nsf.gov/pubs/2026/nsf26157/nsf26157.htm,Michael Patterson,"['Michael Patterson', 'Joseph Bell', 'Katherine Young', 'Karen Jones']",0.396875
https://www.nsf.gov/pubs/2026/nsf26158/nsf26158.htm,Scott Lewis,"['Scott Lewis', 'Anna Moore', 'Scott Campbell', 'Trevor Erickson']",0.5375
https://www.nsf.gov/pubs/2026/nsf26159/nsf26159.htm,Deanna Kim,"['Deanna Kim', 'Cindy Williams', 'Katherine Young', 'Jamie Anderson', 'Karen Jones']",0.609375
https://www.nsf.gov/pubs/2026/nsf26160/nsf26160.htm,Jordan Davis,"['Jordan Davis', 'Julie Garcia']",0.21666666666666667
https://www.nsf.gov/pubs/2026/nsf26161/nsf26161.htm,Jason Sheppard,"['Jason Sheppard', 'Jamie Anderson', 'Scott Campbell', 'Isabel Davis']",0.475
https://www.nsf.gov/pubs/2026/nsf26162/nsf26162.htm,Christina Rodriguez,"['Christina Rodriguez', 'Heather Hansen', 'Trevor Erickson', 'Stacy Miller']",0.5642857142857143
https://www.nsf.gov/pubs/2026/nsf26163/nsf26163.htm,Raymond Johnson,"['Raymond Johnson', 'Isabel Davis', 'Heather Hansen', 'Jamie Anderson', 'Stephen Mullins']",0.625
https://www.nsf.gov/pubs/2026/nsf26164/nsf26164.htm,Marco Burns,"['Marco Burns', 'Jamie Anderson', 'Trevor Erickson', 'Cindy Williams']",0.6
https://www.nsf.gov/pubs/2026/nsf26165/nsf26165.htm,Lisa Perez,"['Lisa Perez', 'Lori Dunn']",0.15714285714285714
https://www.nsf.gov/pubs/2026/nsf26166/nsf26166.htm,Michelle Clark,"['Michelle Clark', 'Jason Arnold', 'Katherine Young', 'Jamie Anderson', 'Heather Hansen']",0.5833333333333333
https://www.nsf.gov/pubs/2026/nsf26167/nsf26167.htm,Donna Flores,"['Donna Flores', 'Jamie Anderson']",0.3416666666666667
https://www.nsf.gov/pubs/2026/nsf26168/nsf26168.htm,Justin Jimenez,"['Justin Jimenez', 'Amy Thornton']",0.14375
https://www.nsf.gov/pubs/2026/nsf26169/nsf26169.htm,Micheal Simon,"['Micheal Simon', 'Joseph Bell']",0.2375
https://www.nsf.gov/pubs/2026/nsf26170/nsf26170.htm,Brianna Friedman,"['Brianna Friedman', 'Stephen Mullins', 'Trevor Erickson', 'Heather Hansen']",0.35
https://www.nsf.gov/pubs/2026/nsf26171/nsf26171.htm,Dr. Robert Stevens,"['Dr. Robert Stevens', 'Lori Dunn', 'Julie Garcia', 'Jamie Anderson']",0.35
https://www.nsf.gov/pubs/2026/nsf26172/nsf26172.htm,Alyssa Gutierrez,"['Alyssa Gutierrez', 'Jason Arnold', 'Stephanie Haynes', 'Heather Hansen', 'Julie Garcia']",0.5625
https://www.nsf.gov/pubs/2026/nsf26173/nsf26173.htm,Tyler Castillo,"['Tyler Castillo', 'Stacy Miller', 'Anna Moore', 'Stephanie Haynes']",0.50625
https://www.nsf.gov/pubs/2026/nsf26174/nsf26174.htm,Ellen Potter,"['Ellen Potter', 'Julie Garcia', 'Jason Arnold']",0.45
https://www.nsf.gov/pubs/2026/nsf26175/nsf26175.htm,Andrea Cain,"['Andrea Cain', 'Isabel Davis']",0.3
https://www.nsf.gov/pubs/2026/nsf26176/nsf26176.htm,Megan Norman,"['Megan Norman', 'Isabel Davis', 'Karen Jones', 'Anthony Mccarthy', 'Stacy Miller']",0.59375
https://www.nsf.gov/pubs/2026/nsf26177/nsf26177.htm,Tina Blankenship,"['Tina Blankenship', 'Isabel Davis']",0.253125
https://www.nsf.gov/pubs/2026/nsf26178/nsf26178.htm,Carl Waters,"['Carl Waters', 'Michelle Wells', 'Stacy Miller', 'Timothy Webster', 'Anthony Mccarthy']",0.5357142857142857
https://www.nsf.gov/pubs/2026/nsf26179/nsf26179.htm,Gregory Collins,"['Gregory Collins', 'Trevor Erickson', 'Jason Arnold', 'Jamie Anderson']",0.4125
https://www.nsf.gov/pubs/2026/nsf26180/nsf26180.htm,Jessica Morris DVM,"['Jessica Morris DVM', 'Anthony Mccarthy', 'Jamie Anderson']",0.4708333333333333
https://www.nsf.gov/pubs/2026/nsf26181/nsf26181.htm,Ralph Farmer,"['Ralph Farmer', 'Michelle Wells']",0.14375
https://www.nsf.gov/pubs/2026/nsf26182/nsf26182.htm,Marco Burns,"['Marco Burns', 'Stephanie Haynes', 'Heather Hansen', 'Anthony Mccarthy', 'Anna Moore']",0.546875
https://www.nsf.gov/pubs/2026/nsf26183/nsf26183.htm,Allison Carpenter,"['Allison Carpenter', 'Julie Garcia']",0.4875
https://www.nsf.gov/pubs/2026/nsf26184/nsf26184.htm,Pamela Morgan,"['Pamela Morgan', 'Joseph Bell']",0.3
https://www.nsf.gov/pubs/2026/nsf26185/nsf26185.htm,Joseph Jacobson,"['Joseph Jacobson', 'Timothy Webster', 'Heather Hansen', 'Isabel Davis']",0.43333333333333335
https://www.nsf.gov/pubs/2026/nsf26186/nsf26186.htm,Deborah Coleman,"['Deborah Coleman', 'Julie Garcia', 'Timothy Webster']",0.3875
https://www.nsf.gov/pubs/2026/nsf26187/nsf26187.htm,Jennifer Mendez,"['Jennifer Mendez', 'Scott Campbell', 'Trevor Erickson']",0.4291666666666667
https://www.nsf.gov/pubs/2026/nsf26188/nsf26188.htm,Russell Velez,"['Russell Velez', 'Michelle Wells', 'Katherine Young', 'Stephanie Haynes', 'Karen Jones']",0.59375
https://www.nsf.gov/pubs/2026/nsf26189/nsf26189.htm,Amy Burke,"['Amy Burke', 'Joseph Bell', 'Heather Hansen', 'Cindy Williams', 'Lori Dunn']",0.5178571428571428
https://www.nsf.gov/pubs/2026/nsf26190/nsf26190.htm,Lawrence Sanders,"['Lawrence Sanders', 'Heather Hansen', 'Stephen Mullins', 'Stacy Miller']",0.32916666666666666
https://www.nsf.gov/pubs/2026/nsf26191/nsf26191.htm,Mark Martin,"['Mark Martin', 'Jamie Anderson', 'Amy Thornton', 'Jason Arnold', 'Scott Campbell']",0.375
https://www.nsf.gov/pubs/2026/nsf26192/nsf26192.htm,Brianna Friedman,"['Brianna Friedman', 'Stephanie Haynes']",0.33571428571428574
https://www.nsf.gov/pubs/2026/nsf26193/nsf26193.htm,Jeffrey Cooke,"['Jeffrey Cooke', 'Anthony Mccarthy']",0.3625
https://www.nsf.gov/pubs/2026/nsf26194/nsf26194.htm,Derrick Smith,"['Derrick Smith', 'Stacy Miller', 'Cindy Williams', 'Anna Moore', 'Scott Campbell']",0.4583333333333333
https://www.nsf.gov/pubs/2026/nsf26195/nsf26195.htm,Taylor York,"['Taylor York', 'Katherine Young', 'Isabel Davis', 'Amy Thornton', 'Jamie Anderson']",0.5892857142857143
https://www.nsf.gov/pubs/2026/nsf26196/nsf26196.htm,Holly Arnold,"['Holly Arnold', 'Scott Campbell', 'Amy Thornton']",0.44999999999999996
https://www.nsf.gov/pubs/2026/nsf26197/nsf26197.htm,Martha Miller,"['Martha Miller', 'Anthony Mccarthy', 'Jamie Anderson', 'Anna Moore', 'Stephanie Haynes']",0.5357142857142857
https://www.nsf.gov/pubs/2026/nsf26198/nsf26198.htm,Todd Nolan,"['Todd Nolan', 'Joseph Bell', 'Amy Thornton']",0.3666666666666667
https://www.nsf.gov/pubs/2026/nsf26199/nsf26199.htm,Sharon Young,"['Sharon Young', 'Anthony Mccarthy', 'Joseph Bell', 'Stacy Miller']",0.49583333333333335
https://www.nsf.gov/pubs/2026/nsf26200/nsf26200.htm,Tamara Page,"['Tamara Page', 'Anna Moore']",0.21666666666666667
https://www.nsf.gov/pubs/2026/nsf26201/nsf26201.htm,David Hayes,"['David Hayes', 'Joseph Bell', 'Julie Garcia']",0.5125
https://www.nsf.gov/pubs/2026/nsf26202/nsf26202.htm,April Roberts,"['April Roberts', 'Katherine Young', 'Trevor Erickson']",0.29375
https://www.nsf.gov/pubs/2026/nsf26203/nsf26203.htm,Andrew Meadows,"['Andrew Meadows', 'Stephen Mullins']",0.05
https://www.nsf.gov/pubs/2026/nsf26204/nsf26204.htm,James Barker,"['James Barker', 'Amy Thornton', 'Jamie Anderson']",0.525
https://www.nsf.gov/pubs/2026/nsf26205/nsf26205.htm,Shane Stewart,"['Shane Stewart', 'Jamie Anderson', 'Stacy Miller', 'Isabel Davis', 'Cindy Williams']",0.625
https://www.nsf.gov/pubs/2026/nsf26206/nsf26206.htm,Travis Wise,"['Travis Wise', 'Lori Dunn']",0.190625
https://www.nsf.gov/pubs/2026/nsf26207/nsf26207.htm,Patrick Campbell,"['Patrick Campbell', 'Scott Campbell', 'Katherine Young', 'Trevor Erickson']",0.396875
https://www.nsf.gov/pubs/2026/nsf26208/nsf26208.htm,Lindsey King,"['Lindsey King', 'Anna Moore', 'Julie Garcia', 'Karen Jones', 'Katherine Young']",0.34375
https://www.nsf.gov/pubs/2026/nsf26209/nsf26209.htm,Melissa Cole,"['Melissa Cole', 'Joseph Bell', 'Scott Campbell', 'Katherine Young']",0.6
https://www.nsf.gov/pubs/2026/nsf26210/nsf26210.htm,Daniel Mccarthy,"['Daniel Mccarthy', 'Karen Jones']",0.4875
https://www.nsf.gov/pubs/2026/nsf26211/nsf26211.htm,Nathan Evans,"['Nathan Evans', 'Scott Campbell', 'Amy Thornton']",0.325
https://www.nsf.gov/pubs/2026/nsf26212/nsf26212.htm,Karen Brown,"['Karen Brown', 'Isabel Davis', 'Heather Hansen', 'Julie Garcia', 'Joseph Bell']",0.5357142857142857
https://www.nsf.gov/pubs/2026/nsf26213/nsf26213.htm,Debra Mcdaniel,"['Debra Mcdaniel', 'Jamie Anderson', 'Julie Garcia', 'Stephen Mullins']",0.19375
https://www.nsf.gov/pubs/2026/nsf26214/nsf26214.htm,Benjamin Dunn,"['Benjamin Dunn', 'Heather Hansen', 'Jamie Anderson']",0.278125
https://www.nsf.gov/pubs/2026/nsf26215/nsf26215.htm,Paul Lucas,"['Paul Lucas', 'Jason Arnold', 'Anthony Mccarthy']",0.29375
https://www.nsf.gov/pubs/2026/nsf26216/nsf26216.htm,Jonathan Miller,"['Jonathan Miller', 'Timothy Webster']",0.05
https://www.nsf.gov/pubs/2026/nsf26217/nsf26217.htm,Michelle Clark,"['Michelle Clark', 'Lori Dunn', 'Trevor Erickson', 'Stacy Miller']",0.45000000000000007
https://www.nsf.gov/pubs/2026/nsf26218/nsf26218.htm,Susan Hall,"['Susan Hall', 'Julie Garcia', 'Joseph Bell', 'Michelle Wells', 'Lori Dunn']",0.575
https://www.nsf.gov/pubs/2026/nsf26219/nsf26219.htm,Hailey Rush,"['Hailey Rush', 'Timothy Webster', 'Anna Moore', 'Cindy Williams']",0.55
https://www.nsf.gov/pubs/2026/nsf26220/nsf26220.htm,Paul Armstrong,"['Paul Armstrong', 'Stacy Miller', 'Karen Jones', 'Cindy Williams']",0.4
https://www.nsf.gov/pubs/2026/nsf26221/nsf26221.htm,James Mason,"['James Mason', 'Stacy Miller', 'Stephanie Haynes']",0.34285714285714286
https://www.nsf.gov/pubs/2026/nsf26222/nsf26222.htm,Joshua Ferguson,"['Joshua Ferguson', 'Julie Garcia', 'Cindy Williams', 'Stephanie Haynes', 'Katherine Young']",0.5833333333333333
https://www.nsf.gov/pubs/2026/nsf26223/nsf26223.htm,Pamela Morgan,"['Pamela Morgan', 'Heather Hansen', 'Scott Campbell']",0.41875
https://www.nsf.gov/pubs/2026/nsf26224/nsf26224.htm,Charles Fletcher,"['Charles Fletcher', 'Lori Dunn']",0.2
https://www.nsf.gov/pubs/2026/nsf26225/nsf26225.htm,Kevin Garcia,"['Kevin Garcia', 'Timothy Webster']",0.2583333333333333
https://www.nsf.gov/pubs/2026/nsf26226/nsf26226.htm,Mary Kaufman,"['Mary Kaufman', 'Cindy Williams', 'Stephanie Haynes', 'Anna Moore']",0.35
https://www.nsf.gov/pubs/2026/nsf26227/nsf26227.htm,Joseph Cisneros,"['Joseph Cisneros', 'Stephen Mullins', 'Michelle Wells', 'Anthony Mccarthy', 'Isabel Davis']",0.46875
https://www.nsf.gov/pubs/2026/nsf26228/nsf26228.htm,Robert Carter,"['Robert Carter', 'Jamie Anderson']",0.2107142857142857
https://www.nsf.gov/pubs/2026/nsf26229/nsf26229.htm,Adrienne Richardson,"['Adrienne Richardson', 'Amy Thornton', 'Jason Arnold', 'Isabel Davis']",0.475
https://www.nsf.gov/pubs/2026/nsf26230/nsf26230.htm,Mrs. Brandi Reid,"['Mrs. Brandi Reid', 'Karen Jones', 'Trevor Erickson', 'Isabel Davis']",0.459375
https://www.nsf.gov/pubs/2026/nsf26231/nsf26231.htm,Carrie Johnson,"['Carrie Johnson', 'Lori Dunn', 'Anthony Mccarthy', 'Amy Thornton', 'Julie Garcia']",0.375
https://www.nsf.gov/pubs/2026/nsf26232/nsf26232.htm,James Martinez,"['James Martinez', 'Anthony Mccarthy']",0.14375
https://www.nsf.gov/pubs/2026/nsf26233/nsf26233.htm,Tammy Jackson,"['Tammy Jackson', 'Trevor Erickson', 'Stephen Mullins', 'Amy Thornton', 'Jamie Anderson']",0.609375
https://www.nsf.gov/pubs/2026/nsf26234/nsf26234.htm,Michael Garcia,"['Michael Garcia', 'Anthony Mccarthy', 'Julie Garcia', 'Stephen Mullins', 'Heather Hansen']",0.375
https://www.nsf.gov/pubs/2026/nsf26235/nsf26235.htm,Amber King,"['Amber King', 'Michelle Wells', 'Scott Campbell', 'Karen Jones', 'Stephen Mullins']",0.4583333333333333
https://www.nsf.gov/pubs/2026/nsf26236/nsf26236.htm,Sandra Williams,"['Sandra Williams', 'Anthony Mccarthy']",0.19583333333333333
https://www.nsf.gov/pubs/2026/nsf26237/nsf26237.htm,Cheryl Forbes,"['Cheryl Forbes', 'Karen Jones', 'Stephen Mullins']",0.3875
https://www.nsf.gov/pubs/2026/nsf26238/nsf26238.htm,Wayne Gonzalez,"['Wayne Gonzalez', 'Jason Arnold']",0.15000000000000002
https://www.nsf.gov/pubs/2026/nsf26239/nsf26239.htm,Monica Moore,"['Monica Moore', 'Stephanie Haynes']",0.3625
https://www.nsf.gov/pubs/2026/nsf26240/nsf26240.htm,Marco Burns,"['Marco Burns', 'Amy Thornton', 'Stephen Mullins', 'Timothy Webster']",0.26666666666666666
https://www.nsf.gov/pubs/2026/nsf26241/nsf26241.htm,Michelle Koch,"['Michelle Koch', 'Isabel Davis', 'Cindy Williams', 'Timothy Webster']",0.5166666666666666
https://www.nsf.gov/pubs/2026/nsf26242/nsf26242.htm,Catherine Anderson,"['Catherine Anderson', 'Joseph Bell', 'Trevor Erickson']",0.5125
https://www.nsf.gov/pubs/2026/nsf26243/nsf26243.htm,Katherine Gordon,"['Katherine Gordon', 'Isabel Davis', 'Karen Jones']",0.41875
https://www.nsf.gov/pubs/2026/nsf26244/nsf26244.htm,John Jackson,"['John Jackson', 'Scott Campbell', 'Heather Hansen', 'Jamie Anderson', 'Stacy Miller']",0.48214285714285715
https://www.nsf.gov/pubs/2026/nsf26245/nsf26245.htm,Veronica Hall,"['Veronica Hall', 'Stephen Mullins', 'Jason Arnold']",0.475
https://www.nsf.gov/pubs/2026/nsf26246/nsf26246.htm,Tina Duke,"['Tina Duke', 'Stephen Mullins', 'Trevor Erickson']",0.3875
https://www.nsf.gov/pubs/2026/nsf26247/nsf26247.htm,Robert Davis,"['Robert Davis', 'Trevor Erickson', 'Anthony Mccarthy', 'Jamie Anderson']",0.4125
https://www.nsf.gov/pubs/2026/nsf26248/nsf26248.htm,Brandon Cantu,"['Brandon Cantu', 'Karen Jones']",0.3
https://www.nsf.gov/pubs/2026/nsf26249/nsf26249.htm,Rebecca Casey,"['Rebecca Casey', 'Anna Moore', 'Jamie Anderson']",0.246875
https://www.nsf.gov/pubs/2026/nsf26250/nsf26250.htm,Timothy Harper,"['Timothy Harper', 'Stephen Mullins', 'Julie Garcia', 'Stacy Miller', 'Lori Dunn']",0.375
https://www.nsf.gov/pubs/2026/nsf26251/nsf26251.htm,Jeffrey Houston,"['Jeffrey Houston', 'Cindy Williams', 'Stephen Mullins', 'Lori Dunn', 'Julie Garcia']",0.6041666666666667
https://www.nsf.gov/pubs/2026/nsf26252/nsf26252.htm,Phillip Robertson,"['Phillip Robertson', 'Michelle Wells', 'Lori Dunn', 'Scott Campbell', 'Isabel Davis']",0.4583333333333333
https://www.nsf.gov/pubs/2026/nsf26253/nsf26253.htm,Alyssa Todd,"['Alyssa Todd', 'Cindy Williams', 'Amy Thornton', 'Michelle Wells', 'Katherine Young']",0.45000000000000007
https://www.nsf.gov/pubs/2026/nsf26254/nsf26254.htm,Alyssa Todd,"['Alyssa Todd', 'Stephen Mullins', 'Cindy Williams']",0.45
https://www.nsf.gov/pubs/2026/nsf26255/nsf26255.htm,David Carr,"['David Carr', 'Jason Arnold', 'Anna Moore']",0.5333333333333333
https://www.nsf.gov/pubs/2026/nsf26256/nsf26256.htm,Melanie Rowe,"['Melanie Rowe', 'Jamie Anderson', 'Jason Arnold', 'Michelle Wells', 'Julie Garcia']",0.5
https://www.nsf.gov/pubs/2026/nsf26257/nsf26257.htm,Jennifer Banks,"['Jennifer Banks', 'Michelle Wells', 'Anthony Mccarthy']",0.3458333333333333
https://www.nsf.gov/pubs/2026/nsf26258/nsf26258.htm,Luis Pitts,"['Luis Pitts', 'Cindy Williams']",0.3
https://www.nsf.gov/pubs/2026/nsf26259/nsf26259.htm,Anthony Gibson,"['Anthony Gibson', 'Julie Garcia', 'Stephen Mullins', 'Anthony Mccarthy', 'Amy Thornton']",0.3571428571428571
https://www.nsf.gov/pubs/2026/nsf26260/nsf26260.htm,Jonathan Young,"['Jonathan Young', 'Jamie Anderson', 'Jason Arnold', 'Karen Jones', 'Cindy Williams']",0.421875
https://www.nsf.gov/pubs/2026/nsf26261/nsf26261.htm,Michael Stewart,"['Michael Stewart', 'Michelle Wells', 'Jamie Anderson', 'Stephen Mullins', 'Joseph Bell']",0.6041666666666667
https://www.nsf.gov/pubs/2026/nsf26262/nsf26262.htm,Mr. Charles Olson,"['Mr. Charles Olson', 'Trevor Erickson', 'Amy Thornton', 'Karen Jones']",0.43333333333333335
https://www.nsf.gov/pubs/2026/nsf26263/nsf26263.htm,Taylor Williams,"['Taylor Williams', 'Anna Moore']",0.2375
https://www.nsf.gov/pubs/2026/nsf26264/nsf26264.htm,Laura Hendrix,"['Laura Hendrix', 'Amy Thornton', 'Jamie Anderson', 'Jason Arnold']",0.428125
https://www.nsf.gov/pubs/2026/nsf26265/nsf26265.htm,Rebecca Garcia,"['Rebecca Garcia', 'Karen Jones', 'Jamie Anderson', 'Jason Arnold']",0.6
https://www.nsf.gov/pubs/2026/nsf26266/nsf26266.htm,Keith Hancock,"['Keith Hancock', 'Joseph Bell', 'Isabel Davis', 'Lori Dunn', 'Cindy Williams']",0.53125
https://www.nsf.gov/pubs/2026/nsf26267/nsf26267.htm,Robert Daniels,"['Robert Daniels', 'Anna Moore', 'Jamie Anderson', 'Scott Campbell']",0.5375
https://www.nsf.gov/pubs/2026/nsf26268/nsf26268.htm,Paul Gonzalez,"['Paul Gonzalez', 'Joseph Bell', 'Trevor Erickson']",0.4916666666666667
https://www.nsf.gov/pubs/2026/nsf26269/nsf26269.htm,Anne Kennedy,"['Anne Kennedy', 'Karen Jones', 'Jamie Anderson', 'Anna Moore', 'Heather Hansen']",0.4583333333333333
https://www.nsf.gov/pubs/2026/nsf26270/nsf26270.htm,Marissa Perkins DDS,"['Marissa Perkins DDS', 'Jason Arnold', 'Timothy Webster', 'Stacy Miller', 'Katherine Young']",0.5357142857142857
https://www.nsf.gov/pubs/2026/nsf26271/nsf26271.htm,Cathy Bruce,"['Cathy Bruce', 'Lori Dunn', 'Trevor Erickson']",0.2625
https://www.nsf.gov/pubs/2026/nsf26272/nsf26272.htm,Pamela Morgan,"['Pamela Morgan', 'Anna Moore', 'Scott Campbell']",0.275
https://www.nsf.gov/pubs/2026/nsf26273/nsf26273.htm,Susan Murphy,"['Susan Murphy', 'Lori Dunn']",0.2642857142857143
https://www.nsf.gov/pubs/2026/nsf26274/nsf26274.htm,Sean Morgan,"['Sean Morgan', 'Stephanie Haynes', 'Joseph Bell', 'Isabel Davis', 'Scott Campbell']",0.5625
https://www.nsf.gov/pubs/2026/nsf26275/nsf26275.htm,Danielle Rodriguez PhD,"['Danielle Rodriguez PhD', 'Joseph Bell', 'Scott Campbell']",0.575
https://www.nsf.gov/pubs/2026/nsf26276/nsf26276.htm,Jacob Santos PhD,"['Jacob Santos PhD', 'Scott Campbell']",0.05
https://www.nsf.gov/pubs/2026/nsf26277/nsf26277.htm,Michaela Flowers,"['Michaela Flowers', 'Cindy Williams']",0.2375
https://www.nsf.gov/pubs/2026/nsf26278/nsf26278.htm,David Oconnor,"['David Oconnor', 'Scott Campbell']",0.37142857142857144
https://www.nsf.gov/pubs/2026/nsf26279/nsf26279.htm,Mark Allen,"['Mark Allen', 'Isabel Davis']",0.32499999999999996
https://www.nsf.gov/pubs/2026/nsf26280/nsf26280.htm,Anna Goodman,"['Anna Goodman', 'Anthony Mccarthy', 'Stacy Miller', 'Timothy Webster']",0.39166666666666666
https://www.nsf.gov/pubs/2026/nsf26281/nsf26281.htm,Michele Jackson,"['Michele Jackson', 'Joseph Bell']",0.221875
https://www.nsf.gov/pubs/2026/nsf26282/nsf26282.htm,Sabrina Ball,"['Sabrina Ball', 'Joseph Bell']",0.55
https://www.nsf.gov/pubs/2026/nsf26283/nsf26283.htm,Kimberly Hayes,"['Kimberly Hayes', 'Amy Thornton', 'Jason Arnold', 'Trevor Erickson', 'Jamie Anderson']",0.5833333333333333
https://www.nsf.gov/pubs/2026/nsf26284/nsf26284.htm,Lisa Anderson,"['Lisa Anderson', 'Karen Jones']",0.2375
https://www.nsf.gov/pubs/2026/nsf26285/nsf26285.htm,Jennifer Carey,"['Jennifer Carey', 'Amy Thornton']",0.33125
https://www.nsf.gov/pubs/2026/nsf26286/nsf26286.htm,Alyssa Gutierrez,"['Alyssa Gutierrez', 'Cindy Williams', 'Isabel Davis']",0.45000000000000007
https://www.nsf.gov/pubs/2026/nsf26287/nsf26287.htm,Destiny Trujillo,"['Destiny Trujillo', 'Amy Thornton']",0.2
https://www.nsf.gov/pubs/2026/nsf26288/nsf26288.htm,Robert Dunn,"['Robert Dunn', 'Cindy Williams', 'Scott Campbell', 'Stacy Miller']",0.49583333333333335
https://www.nsf.gov/pubs/2026/nsf26289/nsf26289.htm,Carol Gibson,"['Carol Gibson', 'Stacy Miller']",0.425
https://www.nsf.gov/pubs/2026/nsf26290/nsf26290.htm,Robin Collins,"['Robin Collins', 'Julie Garcia', 'Scott Campbell']",0.22083333333333333
https://www.nsf.gov/pubs/2026/nsf26291/nsf26291.htm,Tyler Smith,"['Tyler Smith', 'Scott Campbell', 'Stacy Miller', 'Trevor Erickson', 'Heather Hansen']",0.3125
https://www.nsf.gov/pubs/2026/nsf26292/nsf26292.htm,Steven Armstrong,"['Steven Armstrong', 'Anthony Mccarthy']",0.175
https://www.nsf.gov/pubs/2026/nsf26293/nsf26293.htm,Steven Armstrong,"['Steven Armstrong', 'Isabel Davis']",0.27499999999999997
https://www.nsf.gov/pubs/2026/nsf26294/nsf26294.htm,Mark Castro,"['Mark Castro', 'Anna Moore', 'Cindy Williams', 'Michelle Wells', 'Stacy Miller']",0.484375
https://www.nsf.gov/pubs/2026/nsf26295/nsf26295.htm,Anthony Allen,"['Anthony Allen', 'Michelle Wells', 'Anthony Mccarthy', 'Anna Moore']",0.42142857142857143
https://www.nsf.gov/pubs/2026/nsf26296/nsf26296.htm,Jeremy Scott,"['Jeremy Scott', 'Timothy Webster', 'Isabel Davis', 'Stephen Mullins', 'Lori Dunn']",0.625
https://www.nsf.gov/pubs/2026/nsf26297/nsf26297.htm,Jose Bailey,"['Jose Bailey', 'Anna Moore', 'Karen Jones']",0.575
https://www.nsf.gov/pubs/2026/nsf26298/nsf26298.htm,Johnathan Gamble,"['Johnathan Gamble', 'Anna Moore']",0.33125
https://www.nsf.gov/pubs/2026/nsf26299/nsf26299.htm,Garrett Sanchez,"['Garrett Sanchez', 'Jamie Anderson', 'Trevor Erickson']",0.575
https://www.nsf.gov/pubs/2026/nsf26300/nsf26300.htm,Melissa Williams,"['Melissa Williams', 'Anthony Mccarthy', 'Katherine Young', 'Timothy Webster']",0.47500000000000003
https://www.nsf.gov/pubs/2026/nsf26301/nsf26301.htm,Sarah Johnson,"['Sarah Johnson', 'Karen Jones']",0.175
https://www.nsf.gov/pubs/2026/nsf26302/nsf26302.htm,Brandon Campos,"['Brandon Campos', 'Stephen Mullins', 'Anthony Mccarthy']",0.35
https://www.nsf.gov/pubs/2026/nsf26303/nsf26303.htm,Casey Moore,"['Casey Moore', 'Joseph Bell']",0.3
https://www.nsf.gov/pubs/2026/nsf26304/nsf26304.htm,James Bradley,"['James Bradley', 'Jason Arnold', 'Scott Campbell', 'Heather Hansen', 'Stephanie Haynes']",0.40625
https://www.nsf.gov/pubs/2026/nsf26305/nsf26305.htm,Andrew Ashley,"['Andrew Ashley', 'Stacy Miller', 'Anthony Mccarthy']",0.3666666666666667
https://www.nsf.gov/pubs/2026/nsf26306/nsf26306.htm,Bianca Hamilton,"['Bianca Hamilton', 'Scott Campbell', 'Cindy Williams', 'Stephanie Haynes', 'Amy Thornton']",0.625
https://www.nsf.gov/pubs/2026/nsf26307/nsf26307.htm,Stephen Brewer,"['Stephen Brewer', 'Jason Arnold', 'Michelle Wells']",0.37500000000000006
https://www.nsf.gov/pubs/2026/nsf26308/nsf26308.htm,Carrie Acosta,"['Carrie Acosta', 'Karen Jones', 'Stacy Miller']",0.2
https://www.nsf.gov/pubs/2026/nsf26309/nsf26309.htm,Carl Schwartz,"['Carl Schwartz', 'Jason Arnold']",0.31785714285714284
https://www.nsf.gov/pubs/2026/nsf26310/nsf26310.htm,Danielle Young,"['Danielle Young', 'Timothy Webster', 'Anthony Mccarthy', 'Anna Moore', 'Katherine Young']",0.390625
https://www.nsf.gov/pubs/2026/nsf26311/nsf26311.htm,Nicole Hill,"['Nicole Hill', 'Michelle Wells', 'Trevor Erickson']",0.3666666666666667
https://www.nsf.gov/pubs/2026/nsf26312/nsf26312.htm,James Adams,"['James Adams', 'Jamie Anderson', 'Karen Jones']",0.42500000000000004
https://www.nsf.gov/pubs/2026/nsf26313/nsf26313.htm,Heather Odonnell,"['Heather Odonnell', 'Stephen Mullins']",0.2375
https://www.nsf.gov/pubs/2026/nsf26314/nsf26314.htm,Dillon Hanson,"['Dillon Hanson', 'Julie Garcia', 'Stacy Miller', 'Timothy Webster']",0.30833333333333335
https://www.nsf.gov/pubs/2026/nsf26315/nsf26315.htm,Joe Cardenas,"['Joe Cardenas', 'Anna Moore', 'Jamie Anderson', 'Anthony Mccarthy']",0.5166666666666666
https://www.nsf.gov/pubs/2026/nsf26316/nsf26316.htm,Jonathan Dunlap,"['Jonathan Dunlap', 'Stephen Mullins', 'Isabel Davis', 'Anthony Mccarthy']",0.490625
https://www.nsf.gov/pubs/2026/nsf26317/nsf26317.htm,Stephanie Sanchez,"['Stephanie Sanchez', 'Cindy Williams']",0.39375
https://www.nsf.gov/pubs/2026/nsf26318/nsf26318.htm,Maria Brock,"['Maria Brock', 'Heather Hansen', 'Jason Arnold', 'Stephen Mullins']",0.38125
https://www.nsf.gov/pubs/2026/nsf26319/nsf26319.htm,Tamara Stewart,"['Tamara Stewart', 'Scott Campbell', 'Stephen Mullins']",0.325
https://www.nsf.gov/pubs/2026/nsf26320/nsf26320.htm,Catherine Anderson,"['Catherine Anderson', 'Julie Garcia', 'Scott Campbell', 'Katherine Young', 'Anthony Mccarthy']",0.4107142857142857
https://www.nsf.gov/pubs/2026/nsf26321/nsf26321.htm,Shaun Avila,"['Shaun Avila', 'Stacy Miller', 'Jamie Anderson', 'Anthony Mccarthy']",0.584375
https://www.nsf.gov/pubs/2026/nsf26322/nsf26322.htm,Debbie Ewing,"['Debbie Ewing', 'Anthony Mccarthy', 'Michelle Wells', 'Isabel Davis']",0.5464285714285715
https://www.nsf.gov/pubs/2026/nsf26323/nsf26323.htm,Anthony Sellers,"['Anthony Sellers', 'Michelle Wells', 'Stacy Miller', 'Heather Hansen', 'Katherine Young']",0.4375
https://www.nsf.gov/pubs/2026/nsf26324/nsf26324.htm,Stephanie Camacho,"['Stephanie Camacho', 'Karen Jones', 'Amy Thornton', 'Julie Garcia', 'Timothy Webster']",0.5625
https://www.nsf.gov/pubs/2026/nsf26325/nsf26325.htm,John Turner,"['John Turner', 'Jamie Anderson', 'Isabel Davis']",0.2625
https://www.nsf.gov/pubs/2026/nsf26326/nsf26326.htm,Lori Owens,"['Lori Owens', 'Anna Moore', 'Amy Thornton', 'Stephen Mullins', 'Trevor Erickson']",0.6041666666666667
https://www.nsf.gov/pubs/2026/nsf26327/nsf26327.htm,Cindy Williams,"['Cindy Williams', 'Michelle Wells', 'Isabel Davis', 'Jamie Anderson', 'Julie Garcia']",0.6
https://www.nsf.gov/pubs/2026/nsf26328/nsf26328.htm,Amy Thornton,"['Amy Thornton', 'Scott Campbell', 'Timothy Webster']",0.2625
https://www.nsf.gov/pubs/2026/nsf26329/nsf26329.htm,Yvonne Ross,"['Yvonne Ross', 'Stephanie Haynes', 'Heather Hansen']",0.2833333333333333
https://www.nsf.gov/pubs/2026/nsf26330/nsf26330.htm,Michael Fisher,"['Michael Fisher', 'Timothy Webster']",0.284375
https://www.nsf.gov/pubs/2026/nsf26331/nsf26331.htm,Stephanie Mays MD,"['Stephanie Mays MD', 'Karen Jones', 'Trevor Erickson', 'Julie Garcia']",0.475
https://www.nsf.gov/pubs/2026/nsf26332/nsf26332.htm,Chloe Ramirez,"['Chloe Ramirez', 'Stephanie Haynes', 'Isabel Davis', 'Amy Thornton', 'Lori Dunn']",0.5
https://www.nsf.gov/pubs/2026/nsf26333/nsf26333.htm,Cheryl Lloyd,"['Cheryl Lloyd', 'Lori Dunn', 'Julie Garcia', 'Trevor Erickson']",0.35
https://www.nsf.gov/pubs/2026/nsf26334/nsf26334.htm,Michael Stewart,"['Michael Stewart', 'Timothy Webster', 'Julie Garcia', 'Anthony Mccarthy']",0.375
https://www.nsf.gov/pubs/2026/nsf26335/nsf26335.htm,Jessica Norton,"['Jessica Norton', 'Lori Dunn', 'Joseph Bell']",0.22500000000000003
https://www.nsf.gov/pubs/2026/nsf26336/nsf26336.htm,Larry Mccoy,"['Larry Mccoy', 'Timothy Webster', 'Stephen Mullins', 'Joseph Bell', 'Amy Thornton']",0.59375
https://www.nsf.gov/pubs/2026/nsf26337/nsf26337.htm,Shaun Avila,"['Shaun Avila', 'Jamie Anderson', 'Heather Hansen', 'Scott Campbell']",0.6
https://www.nsf.gov/pubs/2026/nsf26338/nsf26338.htm,John Hernandez,"['John Hernandez', 'Stacy Miller']",0.3
https://www.nsf.gov/pubs/2026/nsf26339/nsf26339.htm,Roberto Davis,"['Roberto Davis', 'Timothy Webster', 'Jason Arnold']",0.325
https://www.nsf.gov/pubs/2026/nsf26340/nsf26340.htm,Brooke Morrison,"['Brooke Morrison', 'Katherine Young', 'Michelle Wells', 'Heather Hansen']",0.396875
https://www.nsf.gov/pubs/2026/nsf26341/nsf26341.htm,Samuel Cooper,"['Samuel Cooper', 'Stephanie Haynes']",0.21666666666666667
https://www.nsf.gov/pubs/2026/nsf26342/nsf26342.htm,Hannah Chavez,"['Hannah Chavez', 'Heather Hansen']",0.425
https://www.nsf.gov/pubs/2026/nsf26343/nsf26343.htm,Kristen Middleton,"['Kristen Middleton', 'Stephen Mullins', 'Cindy Williams']",0.575
https://www.nsf.gov/pubs/2026/nsf26344/nsf26344.htm,Jason Wilson,"['Jason Wilson', 'Trevor Erickson']",0.3
https://www.nsf.gov/pubs/2026/nsf26345/nsf26345.htm,Jason Arnold,"['Jason Arnold', 'Trevor Erickson', 'Isabel Davis', 'Julie Garcia']",0.50625
https://www.nsf.gov/pubs/2026/nsf26346/nsf26346.htm,Erica Knapp,"['Erica Knapp', 'Timothy Webster']",0.31785714285714284
https://www.nsf.gov/pubs/2026/nsf26347/nsf26347.htm,Wayne Gonzalez,"['Wayne Gonzalez', 'Stephen Mullins', 'Stephanie Haynes', 'Anthony Mccarthy']",0.375
https://www.nsf.gov/pubs/2026/nsf26348/nsf26348.htm,Kimberly Weaver,"['Kimberly Weaver', 'Isabel Davis', 'Scott Campbell', 'Anna Moore']",0.334375
https://www.nsf.gov/pubs/2026/nsf26349/nsf26349.htm,Margaret Freeman,"['Margaret Freeman', 'Anthony Mccarthy', 'Michelle Wells', 'Katherine Young']",0.459375
https://www.nsf.gov/pubs/2026/nsf26350/nsf26350.htm,Ashley Dyer,"['Ashley Dyer', 'Michelle Wells']",0.05
https://www.nsf.gov/pubs/2026/nsf26351/nsf26351.htm,Heather Miller,"['Heather Miller', 'Cindy Williams']",0.3208333333333333
https://www.nsf.gov/pubs/2026/nsf26352/nsf26352.htm,Brandon Cantu,"['Brandon Cantu', 'Heather Hansen', 'Jason Arnold', 'Lori Dunn', 'Julie Garcia']",0.515625
https://www.nsf.gov/pubs/2026/nsf26353/nsf26353.htm,Sara Odonnell,"['Sara Odonnell', 'Lori Dunn', 'Stephen Mullins']",0.48125
https://www.nsf.gov/pubs/2026/nsf26354/nsf26354.htm,John Smith,"['John Smith', 'Anthony Mccarthy', 'Joseph Bell', 'Katherine Young']",0.35
https://www.nsf.gov/pubs/2026/nsf26355/nsf26355.htm,Carmen Meyer,"['Carmen Meyer', 'Anthony Mccarthy', 'Lori Dunn']",0.4678571428571428
https://www.nsf.gov/pubs/2026/nsf26356/nsf26356.htm,Ashley Ellis,"['Ashley Ellis', 'Lori Dunn', 'Michelle Wells', 'Stephen Mullins']",0.31875
https://www.nsf.gov/pubs/2026/nsf26357/nsf26357.htm,Michael Medina DDS,"['Michael Medina DDS', 'Cindy Williams', 'Stephen Mullins', 'Jamie Anderson']",0.6
https://www.nsf.gov/pubs/2026/nsf26358/nsf26358.htm,Gordon Vasquez,"['Gordon Vasquez', 'Julie Garcia', 'Timothy Webster']",0.3666666666666667
https://www.nsf.gov/pubs/2026/nsf26359/nsf26359.htm,Megan Williams,"['Megan Williams', 'Jason Arnold', 'Karen Jones', 'Stacy Miller', 'Stephanie Haynes']",0.525
https://www.nsf.gov/pubs/2026/nsf26360/nsf26360.htm,Hayley Gutierrez,"['Hayley Gutierrez', 'Amy Thornton']",0.3
https://www.nsf.gov/pubs/2026/nsf26361/nsf26361.htm,Mary Carter,"['Mary Carter', 'Jamie Anderson']",0.45625
https://www.nsf.gov/pubs/2026/nsf26362/nsf26362.htm,Elizabeth Keller,"['Elizabeth Keller', 'Karen Jones']",0.26875
https://www.nsf.gov/pubs/2026/nsf26363/nsf26363.htm,Evan Warren,"['Evan Warren', 'Karen Jones', 'Lori Dunn', 'Stephen Mullins', 'Amy Thornton']",0.5
https://www.nsf.gov/pubs/2026/nsf26364/nsf26364.htm,Erica Knapp,"['Erica Knapp', 'Stacy Miller', 'Julie Garcia', 'Joseph Bell', 'Trevor Erickson']",0.546875
https://www.nsf.gov/pubs/2026/nsf26365/nsf26365.htm,Jonathan Lin,"['Jonathan Lin', 'Karen Jones', 'Scott Campbell', 'Cindy Williams']",0.525
https://www.nsf.gov/pubs/2026/nsf26366/nsf26366.htm,Stephen Brown,"['Stephen Brown', 'Stephanie Haynes', 'Jamie Anderson']",0.340625
https://www.nsf.gov/pubs/2026/nsf26367/nsf26367.htm,Christina Lowe,"['Christina Lowe', 'Scott Campbell', 'Amy Thornton']",0.45
https://www.nsf.gov/pubs/2026/nsf26368/nsf26368.htm,Austin Graham PhD,"['Austin Graham PhD', 'Julie Garcia', 'Jason Arnold', 'Timothy Webster']",0.5583333333333333
https://www.nsf.gov/pubs/2026/nsf26369/nsf26369.htm,Kyle Lopez,"['Kyle Lopez', 'Lori Dunn', 'Timothy Webster', 'Cindy Williams']",0.56875
https://www.nsf.gov/pubs/2026/nsf26370/nsf26370.htm,Laura Castillo,"['Laura Castillo', 'Julie Garcia', 'Michelle Wells', 'Scott Campbell']",0.50625
https://www.nsf.gov/pubs/2026/nsf26371/nsf26371.htm,Rebecca Jones,"['Rebecca Jones', 'Anna Moore']",0.175
https://www.nsf.gov/pubs/2026/nsf26372/nsf26372.htm,Jeffrey Tran,"['Jeffrey Tran', 'Trevor Erickson', 'Stacy Miller', 'Heather Hansen']",0.50625
https://www.nsf.gov/pubs/2026/nsf26373/nsf26373.htm,Kelly Campos,"['Kelly Campos', 'Jason Arnold', 'Trevor Erickson', 'Stacy Miller', 'Isabel Davis']",0.625
https://www.nsf.gov/pubs/2026/nsf26374/nsf26374.htm,Michael Smith,"['Michael Smith', 'Cindy Williams', 'Stephanie Haynes']",0.575
https://www.nsf.gov/pubs/2026/nsf26375/nsf26375.htm,Tyler Mcgee,"['Tyler Mcgee', 'Stacy Miller', 'Stephen Mullins', 'Anna Moore']",0.42500000000000004
https://www.nsf.gov/pubs/2026/nsf26376/nsf26376.htm,Ryan Kerr,"['Ryan Kerr', 'Jason Arnold', 'Stephen Mullins', 'Timothy Webster']",0.38125
https://www.nsf.gov/pubs/2026/nsf26377/nsf26377.htm,Rachel West,"['Rachel West', 'Jason Arnold', 'Heather Hansen', 'Scott Campbell']",0.475
https://www.nsf.gov/pubs/2026/nsf26378/nsf26378.htm,Michael Hicks,"['Michael Hicks', 'Anthony Mccarthy', 'Heather Hansen', 'Katherine Young']",0.44375
https://www.nsf.gov/pubs/2026/nsf26379/nsf26379.htm,Benjamin Campbell,"['Benjamin Campbell', 'Heather Hansen']",0.5083333333333333
https://www.nsf.gov/pubs/2026/nsf26380/nsf26380.htm,Jacob Allen,"['Jacob Allen', 'Katherine Young']",0.22857142857142856
https://www.nsf.gov/pubs/2026/nsf26381/nsf26381.htm,Martin Turner,"['Martin Turner', 'Cindy Williams', 'Stephanie Haynes', 'Stacy Miller']",0.49583333333333335
https://www.nsf.gov/pubs/2026/nsf26382/nsf26382.htm,Sara Martin,"['Sara Martin', 'Joseph Bell']",0.2107142857142857
https://www.nsf.gov/pubs/2026/nsf26383/nsf26383.htm,Shawn Johnson,"['Shawn Johnson', 'Jamie Anderson']",0.15714285714285714
https://www.nsf.gov/pubs/2026/nsf26384/nsf26384.htm,Jeffrey Cook,"['Jeffrey Cook', 'Anthony Mccarthy']",0.2583333333333333
https://www.nsf.gov/pubs/2026/nsf26385/nsf26385.htm,Suzanne Washington,"['Suzanne Washington', 'Lori Dunn', 'Jason Arnold', 'Stephen Mullins']",0.35
https://www.nsf.gov/pubs/2026/nsf26386/nsf26386.htm,Angela Ward,"['Angela Ward', 'Lori Dunn']",0.3416666666666667
https://www.nsf.gov/pubs/2026/nsf26387/nsf26387.htm,William Young,"['William Young', 'Stephanie Haynes']",0.3
https://www.nsf.gov/pubs/2026/nsf26388/nsf26388.htm,Bruce Perez,"['Bruce Perez', 'Cindy Williams', 'Lori Dunn', 'Stacy Miller']",0.35
https://www.nsf.gov/pubs/2026/nsf26389/nsf26389.htm,Jason Wilson,"['Jason Wilson', 'Scott Campbell']",0.3625
https://www.nsf.gov/pubs/2026/nsf26390/nsf26390.htm,Drew Hall,"['Drew Hall', 'Scott Campbell', 'Julie Garcia', 'Katherine Young', 'Jamie Anderson']",0.53125
https://www.nsf.gov/pubs/2026/nsf26391/nsf26391.htm,Andrew Lopez,"['Andrew Lopez', 'Timothy Webster', 'Amy Thornton', 'Jamie Anderson', 'Trevor Erickson']",0.5625
https://www.nsf.gov/pubs/2026/nsf26392/nsf26392.htm,Elizabeth Keller,"['Elizabeth Keller', 'Stephanie Haynes', 'Stacy Miller', 'Isabel Davis']",0.49583333333333335
https://www.nsf.gov/pubs/2026/nsf26393/nsf26393.htm,Christina Jones,"['Christina Jones', 'Stephen Mullins', 'Trevor Erickson', 'Jason Arnold', 'Stacy Miller']",0.5208333333333333
https://www.nsf.gov/pubs/2026/nsf26394/nsf26394.htm,Rachel Williams DVM,"['Rachel Williams DVM', 'Isabel Davis']",0.40714285714285714
https://www.nsf.gov/pubs/2026/nsf26395/nsf26395.htm,Jessica Page,"['Jessica Page', 'Katherine Young']",0.44285714285714284
https://www.nsf.gov/pubs/2026/nsf26396/nsf26396.htm,Monique Herring,"['Monique Herring', 'Stephen Mullins', 'Amy Thornton']",0.45
https://www.nsf.gov/pubs/2026/nsf26397/nsf26397.htm,Janice Parker,"['Janice Parker', 'Trevor Erickson', 'Isabel Davis']",0.3041666666666667
https://www.nsf.gov/pubs/2026/nsf26398/nsf26398.htm,Melissa West,"['Melissa West', 'Stephen Mullins', 'Lori Dunn', 'Stacy Miller']",0.39166666666666666
https://www.nsf.gov/pubs/2026/nsf26399/nsf26399.htm,David Roberts,"['David Roberts', 'Cindy Williams', 'Jason Arnold', 'Lori Dunn', 'Katherine Young']",0.625
https://www.nsf.gov/pubs/2026/nsf26400/nsf26400.htm,Jack Thompson,"['Jack Thompson', 'Timothy Webster', 'Katherine Young', 'Stacy Miller', 'Anthony Mccarthy']",0.46875
https://www.nsf.gov/pubs/2026/nsf26401/nsf26401.htm,Douglas Cole,"['Douglas Cole', 'Michelle Wells', 'Heather Hansen', 'Anthony Mccarthy', 'Cindy Williams']",0.5625
https://www.nsf.gov/pubs/2026/nsf26402/nsf26402.htm,Christopher Crosby,"['Christopher Crosby', 'Heather Hansen', 'Lori Dunn']",0.4083333333333333
https://www.nsf.gov/pubs/2026/nsf26403/nsf26403.htm,Jason Ryan,"['Jason Ryan', 'Trevor Erickson', 'Stacy Miller', 'Stephanie Haynes']",0.42500000000000004
https://www.nsf.gov/pubs/2026/nsf26404/nsf26404.htm,Gary Taylor,"['Gary Taylor', 'Jamie Anderson', 'Scott Campbell', 'Trevor Erickson']",0.6
https://www.nsf.gov/pubs/2026/nsf26405/nsf26405.htm,Daniel Taylor,"['Daniel Taylor', 'Joseph Bell', 'Anna Moore', 'Anthony Mccarthy', 'Amy Thornton']",0.4464285714285714
https://www.nsf.gov/pubs/2026/nsf26406/nsf26406.htm,Robert Daniels,"['Robert Daniels', 'Julie Garcia', 'Jamie Anderson', 'Scott Campbell', 'Joseph Bell']",0.6041666666666667
https://www.nsf.gov/pubs/2026/nsf26407/nsf26407.htm,Anthony Gibson,"['Anthony Gibson', 'Stacy Miller', 'Isabel Davis', 'Amy Thornton', 'Anna Moore']",0.375
https://www.nsf.gov/pubs/2026/nsf26408/nsf26408.htm,Carolyn Montoya,"['Carolyn Montoya', 'Lori Dunn', 'Amy Thornton']",0.325
https://www.nsf.gov/pubs/2026/nsf26409/nsf26409.htm,Amanda Woods,"['Amanda Woods', 'Heather Hansen']",0.175
https://www.nsf.gov/pubs/2026/nsf26410/nsf26410.htm,Jennifer Stark,"['Jennifer Stark', 'Trevor Erickson', 'Jason Arnold', 'Heather Hansen', 'Scott Campbell']",0.609375
https://www.nsf.gov/pubs/2026/nsf26411/nsf26411.htm,Mary Kaufman,"['Mary Kaufman', 'Heather Hansen', 'Jamie Anderson', 'Trevor Erickson']",0.55
https://www.nsf.gov/pubs/2026/nsf26412/nsf26412.htm,Jonathan Small,"['Jonathan Small', 'Katherine Young', 'Stephen Mullins', 'Jason Arnold']",0.47500000000000003
https://www.nsf.gov/pubs/2026/nsf26413/nsf26413.htm,Daniel Taylor,"['Daniel Taylor', 'Stacy Miller', 'Jamie Anderson']",0.41875
https://www.nsf.gov/pubs/2026/nsf26414/nsf26414.htm,Patricia Garza,"['Patricia Garza', 'Scott Campbell']",0.2583333333333333
https://www.nsf.gov/pubs/2026/nsf26415/nsf26415.htm,Steven Archer,"['Steven Archer', 'Timothy Webster', 'Isabel Davis', 'Stacy Miller', 'Heather Hansen']",0.575
https://www.nsf.gov/pubs/2026/nsf26416/nsf26416.htm,Samuel Collins,"['Samuel Collins', 'Lori Dunn', 'Timothy Webster', 'Heather Hansen', 'Michelle Wells']",0.5625
https://www.nsf.gov/pubs/2026/nsf26417/nsf26417.htm,Kara Peterson,"['Kara Peterson', 'Karen Jones', 'Michelle Wells', 'Lori Dunn']",0.4125
https://www.nsf.gov/pubs/2026/nsf26418/nsf26418.htm,Robert Daniels,"['Robert Daniels', 'Jason Arnold', 'Michelle Wells', 'Lori Dunn', 'Joseph Bell']",0.5625
https://www.nsf.gov/pubs/2026/nsf26419/nsf26419.htm,Edward Nelson,"['Edward Nelson', 'Anna Moore', 'Cindy Williams', 'Stephen Mullins']",0.475
https://www.nsf.gov/pubs/2026/nsf26420/nsf26420.htm,Gary Rangel,"['Gary Rangel', 'Joseph Bell', 'Stephanie Haynes']",0.44999999999999996
https://www.nsf.gov/pubs/2026/nsf26421/nsf26421.htm,Tammy Jackson,"['Tammy Jackson', 'Stephen Mullins']",0.33571428571428574
https://www.nsf.gov/pubs/2026/nsf26422/nsf26422.htm,Hannah Davies,"['Hannah Davies', 'Trevor Erickson', 'Stephen Mullins', 'Jamie Anderson', 'Joseph Bell']",0.5416666666666667
https://www.nsf.gov/pubs/2026/nsf26423/nsf26423.htm,Megan Norman,"['Megan Norman', 'Stacy Miller', 'Trevor Erickson']",0.45
https://www.nsf.gov/pubs/2026/nsf26424/nsf26424.htm,Kevin Garcia,"['Kevin Garcia', 'Trevor Erickson', 'Isabel Davis', 'Anthony Mccarthy', 'Katherine Young']",0.59375
https://www.nsf.gov/pubs/2026/nsf26425/nsf26425.htm,Lori Owens,"['Lori Owens', 'Lori Dunn', 'Michelle Wells']",0.2833333333333333
https://www.nsf.gov/pubs/2026/nsf26426/nsf26426.htm,Jessica Brown,"['Jessica Brown', 'Jason Arnold', 'Joseph Bell']",0.375
https://www.nsf.gov/pubs/2026/nsf26427/nsf26427.htm,Briana Singh,"['Briana Singh', 'Trevor Erickson', 'Anthony Mccarthy', 'Michelle Wells', 'Isabel Davis']",0.6041666666666667
https://www.nsf.gov/pubs/2026/nsf26428/nsf26428.htm,Stephen Contreras,"['Stephen Contreras', 'Jamie Anderson', 'Stephen Mullins', 'Stephanie Haynes']",0.50625
https://www.nsf.gov/pubs/2026/nsf26429/nsf26429.htm,Jessica Norton,"['Jessica Norton', 'Isabel Davis', 'Cindy Williams', 'Lori Dunn']",0.5583333333333333
https://www.nsf.gov/pubs/2026/nsf26430/nsf26430.htm,Jerome Williams,"['Jerome Williams', 'Jason Arnold', 'Stacy Miller']",0.4678571428571428
https://www.nsf.gov/pubs/2026/nsf26431/nsf26431.htm,Jacob Webster,"['Jacob Webster', 'Katherine Young']",0.3
https://www.nsf.gov/pubs/2026/nsf26432/nsf26432.htm,Jeffrey Burch,"['Jeffrey Burch', 'Jamie Anderson']",0.14375
https://www.nsf.gov/pubs/2026/nsf26433/nsf26433.htm,Andrew Ashley,"['Andrew Ashley', 'Trevor Erickson', 'Amy Thornton']",0.4916666666666667
https://www.nsf.gov/pubs/2026/nsf26434/nsf26434.htm,Andre Whitaker,"['Andre Whitaker', 'Jamie Anderson', 'Cindy Williams']",0.5125
https://www.nsf.gov/pubs/2026/nsf26435/nsf26435.htm,Rachel Ballard,"['Rachel Ballard', 'Karen Jones', 'Jason Arnold', 'Anna Moore', 'Stephanie Haynes']",0.5416666666666666
https://www.nsf.gov/pubs/2026/nsf26436/nsf26436.htm,Kevin Gordon,"['Kevin Gordon', 'Joseph Bell', 'Julie Garcia', 'Jason Arnold', 'Anthony Mccarthy']",0.625
https://www.nsf.gov/pubs/2026/nsf26437/nsf26437.htm,Rebecca Garcia,"['Rebecca Garcia', 'Jason Arnold', 'Stacy Miller', 'Jamie Anderson', 'Julie Garcia']",0.46875
https://www.nsf.gov/pubs/2026/nsf26438/nsf26438.htm,Alan Richardson,"['Alan Richardson', 'Katherine Young', 'Amy Thornton']",0.45
https://www.nsf.gov/pubs/2026/nsf26439/nsf26439.htm,John Turner,"['John Turner', 'Stacy Miller']",0.2375
https://www.nsf.gov/pubs/2026/nsf26440/nsf26440.htm,Justin Russell Jr.,"['Justin Russell Jr.', 'Jamie Anderson', 'Michelle Wells']",0.325
https://www.nsf.gov/pubs/2026/nsf26441/nsf26441.htm,Angela Morrison,"['Angela Morrison', 'Jamie Anderson', 'Stephen Mullins']",0.32499999999999996
https://www.nsf.gov/pubs/2026/nsf26442/nsf26442.htm,Crystal Tyler,"['Crystal Tyler', 'Timothy Webster']",0.4875
https://www.nsf.gov/pubs/2026/nsf26443/nsf26443.htm,Dave Farmer,"['Dave Farmer', 'Katherine Young']",0.253125
https://www.nsf.gov/pubs/2026/nsf26444/nsf26444.htm,Julie Hughes,"['Julie Hughes', 'Timothy Webster', 'Karen Jones']",0.325
https://www.nsf.gov/pubs/2026/nsf26445/nsf26445.htm,Robert Lester,"['Robert Lester', 'Jason Arnold', 'Stephanie Haynes']",0.075
https://www.nsf.gov/pubs/2026/nsf26446/nsf26446.htm,Crystal Baker,"['Crystal Baker', 'Karen Jones']",0.284375
https://www.nsf.gov/pubs/2026/nsf26447/nsf26447.htm,John Reid,"['John Reid', 'Jamie Anderson', 'Joseph Bell']",0.4708333333333333
https://www.nsf.gov/pubs/2026/nsf26448/nsf26448.htm,Steve Simmons DDS,"['Steve Simmons DDS', 'Timothy Webster', 'Amy Thornton', 'Katherine Young']",0.35
https://www.nsf.gov/pubs/2026/nsf26449/nsf26449.htm,Karen Stokes,"['Karen Stokes', 'Julie Garcia']",0.2
https://www.nsf.gov/pubs/2026/nsf26450/nsf26450.htm,Kayla Keith,"['Kayla Keith', 'Timothy Webster']",0.2375
https://www.nsf.gov/pubs/2026/nsf26451/nsf26451.htm,Robert Santos,"['Robert Santos', 'Jason Arnold', 'Anthony Mccarthy', 'Joseph Bell']",0.50625
https://www.nsf.gov/pubs/2026/nsf26452/nsf26452.htm,John Ross,"['John Ross', 'Joseph Bell', 'Heather Hansen', 'Stephanie Haynes', 'Lori Dunn']",0.41666666666666663
https://www.nsf.gov/pubs/2026/nsf26453/nsf26453.htm,Natalie Moon,"['Natalie Moon', 'Katherine Young', 'Lori Dunn']",0.41875
https://www.nsf.gov/pubs/2026/nsf26454/nsf26454.htm,Joyce Dickson,"['Joyce Dickson', 'Katherine Young', 'Anthony Mccarthy', 'Michelle Wells']",0.5166666666666666
https://www.nsf.gov/pubs/2026/nsf26455/nsf26455.htm,Cheryl Lloyd,"['Cheryl Lloyd', 'Joseph Bell', 'Jamie Anderson']",0.4083333333333333
https://www.nsf.gov/pubs/2026/nsf26456/nsf26456.htm,Donald Guerrero,"['Donald Guerrero', 'Karen Jones', 'Trevor Erickson', 'Heather Hansen']",0.475
https://www.nsf.gov/pubs/2026/nsf26457/nsf26457.htm,Jean Snyder,"['Jean Snyder', 'Lori Dunn', 'Jamie Anderson', 'Amy Thornton', 'Timothy Webster']",0.421875
https://www.nsf.gov/pubs/2026/nsf26458/nsf26458.htm,Thomas Davis,"['Thomas Davis', 'Karen Jones']",0.3
https://www.nsf.gov/pubs/2026/nsf26459/nsf26459.htm,Matthew Hodges,"['Matthew Hodges', 'Cindy Williams']",0.26875
https://www.nsf.gov/pubs/2026/nsf26460/nsf26460.htm,Dr. Dennis Sexton,"['Dr. Dennis Sexton', 'Anthony Mccarthy', 'Michelle Wells']",0.2
https://www.nsf.gov/pubs/2026/nsf26461/nsf26461.htm,Christopher Wilkins,"['Christopher Wilkins', 'Anthony Mccarthy', 'Heather Hansen']",0.3875
https://www.nsf.gov/pubs/2026/nsf26462/nsf26462.htm,John Garza,"['John Garza', 'Michelle Wells', 'Stephen Mullins', 'Isabel Davis']",0.43333333333333335
https://www.nsf.gov/pubs/2026/nsf26463/nsf26463.htm,Courtney Williams,"['Courtney Williams', 'Timothy Webster']",0.2
https://www.nsf.gov/pubs/2026/nsf26464/nsf26464.htm,Anthony Watson,"['Anthony Watson', 'Scott Campbell', 'Karen Jones', 'Michelle Wells']",0.4125
https://www.nsf.gov/pubs/2026/nsf26465/nsf26465.htm,Mr. Andrew Parker DDS,"['Mr. Andrew Parker DDS', 'Jamie Anderson', 'Julie Garcia']",0.3666666666666667
https://www.nsf.gov/pubs/2026/nsf26466/nsf26466.htm,Cynthia Garcia,"['Cynthia Garcia', 'Anna Moore', 'Amy Thornton', 'Joseph Bell', 'Lori Dunn']",0.484375
https://www.nsf.gov/pubs/2026/nsf26467/nsf26467.htm,Christopher Daniels,"['Christopher Daniels', 'Katherine Young', 'Heather Hansen']",0.45
https://www.nsf.gov/pubs/2026/nsf26468/nsf26468.htm,Andrew Martinez,"['Andrew Martinez', 'Stephanie Haynes']",0.14375
https://www.nsf.gov/pubs/2026/nsf26469/nsf26469.htm,Megan Lopez,"['Megan Lopez', 'Stephanie Haynes']",0.22500000000000003
https://www.nsf.gov/pubs/2026/nsf26470/nsf26470.htm,John Williams,"['John Williams', 'Michelle Wells']",0.096875
https://www.nsf.gov/pubs/2026/nsf26471/nsf26471.htm,Zachary Aguilar,"['Zachary Aguilar', 'Jason Arnold', 'Stacy Miller']",0.54375
https://www.nsf.gov/pubs/2026/nsf26472/nsf26472.htm,Brett Cooper,"['Brett Cooper', 'Anna Moore', 'Cindy Williams', 'Trevor Erickson']",0.44375
https://www.nsf.gov/pubs/2026/nsf26473/nsf26473.htm,David Farrell,"['David Farrell', 'Heather Hansen', 'Joseph Bell']",0.2
https://www.nsf.gov/pubs/2026/nsf26474/nsf26474.htm,James Chandler,"['James Chandler', 'Scott Campbell', 'Jason Arnold']",0.4
https://www.nsf.gov/pubs/2026/nsf26475/nsf26475.htm,Crystal Goodman,"['Crystal Goodman', 'Jason Arnold', 'Isabel Davis', 'Anthony Mccarthy', 'Katherine Young']",0.425
https://www.nsf.gov/pubs/2026/nsf26476/nsf26476.htm,Michael Smith,"['Michael Smith', 'Karen Jones']",0.425
https://www.nsf.gov/pubs/2026/nsf26477/nsf26477.htm,Andrea Johnson,"['Andrea Johnson', 'Lori Dunn']",0.2
https://www.nsf.gov/pubs/2026/nsf26478/nsf26478.htm,Charles Fox,"['Charles Fox', 'Amy Thornton', 'Stacy Miller', 'Trevor Erickson']",0.39166666666666666
https://www.nsf.gov/pubs/2026/nsf26479/nsf26479.htm,Robert Daniels,"['Robert Daniels', 'Jason Arnold', 'Katherine Young', 'Amy Thornton', 'Julie Garcia']",0.6041666666666667
https://www.nsf.gov/pubs/2026/nsf26480/nsf26480.htm,Robert Daniels,"['Robert Daniels', 'Jason Arnold', 'Anthony Mccarthy']",0.32499999999999996
https://www.nsf.gov/pubs/2026/nsf26481/nsf26481.htm,Karen Blanchard,"['Karen Blanchard', 'Anthony Mccarthy', 'Jamie Anderson', 'Timothy Webster', 'Heather Hansen']",0.5625
https://www.nsf.gov/pubs/2026/nsf26482/nsf26482.htm,Jennifer Holland,"['Jennifer Holland', 'Isabel Davis', 'Julie Garcia']",0.45
https://www.nsf.gov/pubs/2026/nsf26483/nsf26483.htm,Scott Campbell,"['Scott Campbell', 'Heather Hansen', 'Trevor Erickson']",0.5125
https://www.nsf.gov/pubs/2026/nsf26484/nsf26484.htm,Sandra Villegas,"['Sandra Villegas', 'Cindy Williams']",0.2583333333333333
https://www.nsf.gov/pubs/2026/nsf26485/nsf26485.htm,Tristan Hoffman,"['Tristan Hoffman', 'Lori Dunn', 'Anna Moore', 'Stephen Mullins']",0.6
https://www.nsf.gov/pubs/2026/nsf26486/nsf26486.htm,Christine Mclean,"['Christine Mclean', 'Scott Campbell', 'Isabel Davis']",0.47500000000000003
https://www.nsf.gov/pubs/2026/nsf26487/nsf26487.htm,Natasha Harris,"['Natasha Harris', 'Joseph Bell']",0.4875
https://www.nsf.gov/pubs/2026/nsf26488/nsf26488.htm,Tara Willis,"['Tara Willis', 'Trevor Erickson', 'Karen Jones']",0.45
https://www.nsf.gov/pubs/2026/nsf26489/nsf26489.htm,Carmen Meyer,"['Carmen Meyer', 'Cindy Williams']",0.1125
https://www.nsf.gov/pubs/2026/nsf26490/nsf26490.htm,Caroline Martin,"['Caroline Martin', 'Michelle Wells']",0.175
https://www.nsf.gov/pubs/2026/nsf26491/nsf26491.htm,Anthony Lee,"['Anthony Lee', 'Joseph Bell']",0.3
https://www.nsf.gov/pubs/2026/nsf26492/nsf26492.htm,Scott Rose,"['Scott Rose', 'Stacy Miller', 'Julie Garcia']",0.5333333333333333
https://www.nsf.gov/pubs/2026/nsf26493/nsf26493.htm,Dustin Owens,"['Dustin Owens', 'Stacy Miller', 'Julie Garcia']",0.325
https://www.nsf.gov/pubs/2026/nsf26494/nsf26494.htm,Taylor Taylor,"['Taylor Taylor', 'Anthony Mccarthy', 'Karen Jones', 'Cindy Williams']",0.47500000000000003
https://www.nsf.gov/pubs/2026/nsf26495/nsf26495.htm,James Smith,"['James Smith', 'Karen Jones', 'Jamie Anderson', 'Stephen Mullins']",0.475
https://www.nsf.gov/pubs/2026/nsf26496/nsf26496.htm,Natalie Brown,"['Natalie Brown', 'Cindy Williams', 'Anna Moore', 'Heather Hansen', 'Lori Dunn']",0.4821428571428571
https://www.nsf.gov/pubs/2026/nsf26497/nsf26497.htm,Donna Gibbs,"['Donna Gibbs', 'Anthony Mccarthy']",0.4875
https://www.nsf.gov/pubs/2026/nsf26498/nsf26498.htm,Dawn Reese,"['Dawn Reese', 'Trevor Erickson', 'Amy Thornton']",0.37500000000000006
https://www.nsf.gov/pubs/2026/nsf26499/nsf26499.htm,Stacy Miller,"['Stacy Miller', 'Katherine Young', 'Anna Moore', 'Julie Garcia', 'Lori Dunn']",0.5
